{
  "project_info": {
    "project_number": "214875131466",
    "firebase_url": "https://productcatalogv1-master-811dd.firebaseio.com",
    "project_id": "productcatalogv1-master-811dd",
    "storage_bucket": "productcatalogv1-master-811dd.appspot.com"
  },
  "client": [
    {
      "client_info": {
        "mobilesdk_app_id": "1:214875131466:android:aadfeba8c26d67fc",
        "android_client_info": {
          "package_name": "mgarzon.createbest.productcatalog"
        }
      },
      "oauth_client": [
        {
          "client_id": "214875131466-88b80btol40568jt48dmm8kc92ia2ea5.apps.googleusercontent.com",
          "client_type": 1,
          "android_info": {
            "package_name": "mgarzon.createbest.productcatalog",
            "certificate_hash": "8d2df186a9f376470d90b4bc4e1b428e2cd6ae29"
          }
        },
        {
          "client_id": "214875131466-jrqm9q5ehe1qtscokesl4muemtqajhqb.apps.googleusercontent.com",
          "client_type": 3
        }
      ],
      "api_key": [
        {
          "current_key": "AIzaSyAjixVhWBHVBsBszvQZQdWgGC5HiNLyB_Y"
        }
      ],
      "services": {
        "analytics_service": {
          "status": 1
        },
        "appinvite_service": {
          "status": 2,
          "other_platform_oauth_client": [
            {
              "client_id": "214875131466-jrqm9q5ehe1qtscokesl4muemtqajhqb.apps.googleusercontent.com",
              "client_type": 3
            }
          ]
        },
        "ads_service": {
          "status": 2
        }
      }
    }
  ],
  "configuration_version": "1"
}